{"cameraMode":{"drawMode":0,"name":"Shaded","section":"Shading Mode"},"sceneLighting":false,"audioPlay":false,"sceneViewState":{"showFog":true,"showMaterialUpdate":true,"showSkybox":false,"showFlares":true,"showImageEffects":true,"showParticleSystems":true},"in2DMode":false,"pivot":{"x":-0.05405294895172119,"y":-1.3053134679794312,"z":-0.07838249206542969},"rotation":{"x":-0.12550750374794007,"y":0.0853060707449913,"z":-0.010832708328962326,"w":-0.9883596897125244},"size":4.381661415100098,"orthographic":false}